{
  "$schema": "https://schema.management.azure.com/schemas/2019-04-01/deploymentTemplate.json#",
  "contentVersion": "1.0.0.0",
  "metadata": {
    "_generator": {
      "name": "bicep",
      "version": "0.13.1.58284",
      "templateHash": "16955005252121052691"
    }
  },
  "parameters": {
    "location": {
      "type": "string",
      "metadata": {
        "description": "Storage location"
      }
    },
    "storage_name": {
      "type": "string",
      "metadata": {
        "description": "Storage name"
      }
    },
    "uai_name": {
      "type": "string",
      "metadata": {
        "description": "User assigned identity name"
      }
    }
  },
  "resources": [
    {
      "type": "Microsoft.ManagedIdentity/userAssignedIdentities",
      "apiVersion": "2022-01-31-preview",
      "name": "[parameters('uai_name')]",
      "location": "[parameters('location')]"
    },
    {
      "type": "Microsoft.Storage/storageAccounts",
      "apiVersion": "2021-02-01",
      "name": "[parameters('storage_name')]",
      "location": "[parameters('location')]",
      "kind": "StorageV2",
      "sku": {
        "name": "Premium_LRS"
      }
    },
    {
      "type": "Microsoft.Authorization/roleAssignments",
      "apiVersion": "2020-10-01-preview",
      "scope": "[format('Microsoft.Storage/storageAccounts/{0}', parameters('storage_name'))]",
      "name": "[guid(resourceId('Microsoft.ManagedIdentity/userAssignedIdentities', parameters('uai_name')), resourceId('Microsoft.Storage/storageAccounts', parameters('storage_name')))]",
      "properties": {
        "roleDefinitionId": "[subscriptionResourceId('Microsoft.Authorization/roleDefinitions', 'b24988ac-6180-42a0-ab88-20f7382dd24c')]",
        "principalId": "[reference(resourceId('Microsoft.ManagedIdentity/userAssignedIdentities', parameters('uai_name')), '2022-01-31-preview').principalId]",
        "principalType": "ServicePrincipal"
      },
      "dependsOn": [
        "[resourceId('Microsoft.Storage/storageAccounts', parameters('storage_name'))]",
        "[resourceId('Microsoft.ManagedIdentity/userAssignedIdentities', parameters('uai_name'))]"
      ]
    }
  ]
}